traditional,tra_transfer_2,tra_transfer_7
5755576315688.962,44887812213313.734,104440505016906.28
5.242361529832744,16.6998316626361,26.348956561557163
2399078.2220863416,6699836.730347519,10219613.741081718
0.9579422473907472,6.034887313842773,2.513399124145508
